description,category
The pipeline supplying water to Hazaribagh is leaking badly.,Water Resources
Government buildings in Jamshedpur have no ramps for wheelchair users.,Accessibility
Illegal dumping of waste is polluting the river near our block.,Environment
Villagers in Giridih have to travel far to fetch drinking water.,Water Resources
Public parks in our block are poorly maintained and unsafe at night.,Urban Development
There are no science labs or computers in the school at Giridih.,Education
Hospitals in Deoghar have no wheelchair facility at entrance.,Accessibility
Illegal dumping of waste is polluting the river near Ranchi.,Environment
Villagers in Bokaro have to travel far to fetch drinking water.,Water Resources
Subsidized fertilizers are not reaching farmers in Hazaribagh on time.,Agriculture
Government scheme benefits are not reaching eligible families in Bokaro.,Public Administration
The pipeline supplying water to our village is leaking badly.,Water Resources
Mid-day meal quality at Giridih school is very poor and irregular.,Education
Public grievance redressal system in Ramgarh is not functioning well.,Public Administration
Roads in Bokaro are full of potholes and unsafe for vehicles.,Urban Development
There is no proper parking facility in the market area of our village.,Urban Development
Groundwater levels are falling rapidly near our panchayat.,Water Resources
There is a severe shortage of medicines at the hospital in the nearby colony.,Healthcare
"There is no proper drainage system in Jamshedpur, causing waterlogging.",Urban Development
Ambulance service is not available in Ramgarh during emergencies.,Healthcare
Land record correction requests are delayed for years in Gumla.,Public Administration
There is no permanent teacher in the government school at our block.,Education
"There is no proper drainage system in Hazaribagh, causing waterlogging.",Urban Development
Crop insurance claims are pending for farmers in Ramgarh.,Agriculture
The hand pump in our village has been broken for over a month.,Water Resources
Rural youth in Jamshedpur are migrating due to lack of local job opportunities.,Rural Livelihoods
Solar panels installed in our village under a scheme are not functioning.,Energy
Schools in Deoghar have no special educators for children with disabilities.,Accessibility
RTI applications filed in Hazaribagh receive no timely response.,Public Administration
Mid-day meal quality at Ramgarh school is very poor and irregular.,Education
Schools in Ranchi have no special educators for children with disabilities.,Accessibility
Children in Dhanbad have to walk 5 km daily as there is no school nearby.,Education
The pipeline supplying water to Ramgarh is leaking badly.,Water Resources
Transformer at Bokaro has been faulty for weeks with no repair.,Energy
Anganwadi center at Dhanbad has been shut for months.,Education
There are no braille signages in public offices at Dhanbad.,Accessibility
RTI applications filed in Chaibasa receive no timely response.,Public Administration
Illegal dumping of waste is polluting the river near our district.,Environment
Mental health support is completely absent in our district.,Healthcare
There is no proper parking facility in the market area of Dhanbad.,Urban Development
There is no market linkage for handicraft artisans in Dhanbad.,Rural Livelihoods
Streetlights in Dhanbad have not worked for months.,Energy
There is no cattle/livestock veterinary support available near Gumla.,Rural Livelihoods
Land record correction requests are delayed for years in Bokaro.,Public Administration
The hand pump in Jamshedpur has been broken for over a month.,Water Resources
Public toilets in Jamshedpur lack disabled-friendly facilities.,Accessibility
Construction debris is left unattended on roads in our panchayat.,Urban Development
Railway station at Deoghar lacks accessible entry points.,Accessibility
The pipeline supplying water to Chaibasa is leaking badly.,Water Resources
Government buildings in Bokaro have no ramps for wheelchair users.,Accessibility
Public grievance redressal system in Gumla is not functioning well.,Public Administration
Streetlights in our block have not worked for months.,Energy
Solar panels installed in our panchayat under a scheme are not functioning.,Energy
There is no proper irrigation facility in the fields of Giridih.,Agriculture
There is no water testing facility available near Chaibasa.,Water Resources
Vaccination camps are not being held regularly in Deoghar.,Healthcare
New electricity connections are delayed for months in our village.,Energy
The primary health centre at Jamshedpur has no doctor available.,Healthcare
Mid-day meal quality at our panchayat school is very poor and irregular.,Education
Traffic congestion at Bokaro has increased with no signal management.,Urban Development
Voltage fluctuation in Chaibasa is damaging household appliances.,Energy
Public parks in Bokaro are poorly maintained and unsafe at night.,Urban Development
Public grievance redressal system in our district is not functioning well.,Public Administration
Mining activity near our district is causing land degradation.,Environment
There is corruption reported in local scheme distribution at our district.,Public Administration
There are no science labs or computers in the school at our panchayat.,Education
RTI applications filed in Gumla receive no timely response.,Public Administration
The school in our block has no toilets for girl students.,Education
There is no permanent teacher in the government school at our panchayat.,Education
Crop insurance claims are pending for farmers in Dhanbad.,Agriculture
Schools in our panchayat have no special educators for children with disabilities.,Accessibility
Streetlights are missing on the main road in Ramgarh.,Urban Development
There is no permanent teacher in the government school at Hazaribagh.,Education
Trees are being cut illegally near Jamshedpur without any replantation.,Environment
Panchayat office in our panchayat is not responsive to citizen complaints.,Public Administration
The hospital at Dhanbad is overcrowded with no beds available.,Healthcare
"Storage warehouses are missing near Giridih, crops rot after harvest.",Agriculture
Panchayat office in Giridih is not responsive to citizen complaints.,Public Administration
Self-help groups in Gumla lack access to microfinance support.,Rural Livelihoods
Certificate issuance (caste/income) is very slow at our block office.,Public Administration
Illegal dumping of waste is polluting the river near Bokaro.,Environment
The health sub-centre at Dhanbad lacks basic equipment.,Healthcare
Industrial effluents are being released untreated near Jamshedpur.,Environment
Industrial effluents are being released untreated near Bokaro.,Environment
Many households in Dhanbad are still not connected to the electricity grid.,Energy
"Storage warehouses are missing near Ramgarh, crops rot after harvest.",Agriculture
MGNREGA wage payments are delayed for workers in our block.,Rural Livelihoods
Government buildings in Hazaribagh have no ramps for wheelchair users.,Accessibility
Streetlights are missing on the main road in Jamshedpur.,Urban Development
Government buildings in our panchayat have no ramps for wheelchair users.,Accessibility
There is no clean drinking water supply in our block.,Water Resources
There is no water testing facility available near the nearby colony.,Water Resources
Construction debris is left unattended on roads in Gumla.,Urban Development
"There are frequent power cuts in Hazaribagh, sometimes lasting all day.",Energy
Farmers in the nearby colony lack access to soil testing facilities.,Agriculture
There is a severe shortage of medicines at the hospital in Hazaribagh.,Healthcare
Roads in Gumla are full of potholes and unsafe for vehicles.,Urban Development
Public toilets in Dhanbad lack disabled-friendly facilities.,Accessibility
Roads in Giridih are full of potholes and unsafe for vehicles.,Urban Development
Government scheme benefits are not reaching eligible families in the nearby colony.,Public Administration
Public buses in Bokaro are not accessible for persons with disabilities.,Accessibility
Villagers in Ramgarh have to travel far to fetch drinking water.,Water Resources
Farmers near Hazaribagh face frequent crop damage due to wild animals.,Agriculture
Groundwater levels are falling rapidly near our district.,Water Resources
Railway station at our block lacks accessible entry points.,Accessibility
Children in Hazaribagh have to walk 5 km daily as there is no school nearby.,Education
Voltage fluctuation in Gumla is damaging household appliances.,Energy
Ration card applications are pending for months in Jamshedpur.,Public Administration
Mining activity near Ramgarh is causing land degradation.,Environment
Deforestation near our panchayat is affecting local wildlife and rainfall.,Environment
Streetlights in Ramgarh have not worked for months.,Energy
There is no cattle/livestock veterinary support available near Ramgarh.,Rural Livelihoods
Solar panels installed in Dhanbad under a scheme are not functioning.,Energy
Voltage fluctuation in the nearby colony is damaging household appliances.,Energy
Traffic congestion at the nearby colony has increased with no signal management.,Urban Development
Farmers in our district lack access to soil testing facilities.,Agriculture
"The school building at Dhanbad has no proper roof, students study in fear during rain.",Education
There is no proper garbage collection system in Gumla.,Environment
Voltage fluctuation in Dhanbad is damaging household appliances.,Energy
Footpaths in our block are not usable by elderly or disabled residents.,Accessibility
There is no proper irrigation facility in the fields of Jamshedpur.,Agriculture
Anganwadi center at our panchayat has been shut for months.,Education
"There is no proper drainage system in Bokaro, causing waterlogging.",Urban Development
The school in Hazaribagh has no toilets for girl students.,Education
Footpaths in Giridih are not usable by elderly or disabled residents.,Accessibility
Illegal encroachment is blocking footpaths in Chaibasa.,Urban Development
Farmers in Jamshedpur lack access to soil testing facilities.,Agriculture
Schools in Jamshedpur have no special educators for children with disabilities.,Accessibility
Migrant workers from Hazaribagh face exploitation due to no local employment.,Rural Livelihoods
Air quality in Ranchi has worsened due to nearby industrial units.,Environment
"Storage warehouses are missing near our panchayat, crops rot after harvest.",Agriculture
Youth in Deoghar have no access to skill development or vocational training.,Rural Livelihoods
Youth in Hazaribagh have no access to skill development or vocational training.,Rural Livelihoods
Public buses in Giridih are not accessible for persons with disabilities.,Accessibility
Ambulance service is not available in our village during emergencies.,Healthcare
New electricity connections are delayed for months in our panchayat.,Energy
The hand pump in Chaibasa has been broken for over a month.,Water Resources
Groundwater levels are falling rapidly near our block.,Water Resources
Subsidized fertilizers are not reaching farmers in our district on time.,Agriculture
The school in our panchayat has no toilets for girl students.,Education
Traffic congestion at Giridih has increased with no signal management.,Urban Development
Farmers in Giridih are not getting fair price for their crops.,Agriculture
Migrant workers from the nearby colony face exploitation due to no local employment.,Rural Livelihoods
Traffic congestion at our village has increased with no signal management.,Urban Development
Schools in our block have no special educators for children with disabilities.,Accessibility
Youth in Ranchi have no access to skill development or vocational training.,Rural Livelihoods
Illegal encroachment is blocking footpaths in our block.,Urban Development
Farmers near Bokaro face frequent crop damage due to wild animals.,Agriculture
The hand pump in Hazaribagh has been broken for over a month.,Water Resources
There is no proper parking facility in the market area of Deoghar.,Urban Development
There is no clean drinking water supply in Gumla.,Water Resources
Public parks in our district are poorly maintained and unsafe at night.,Urban Development
"There are frequent power cuts in Deoghar, sometimes lasting all day.",Energy
Deforestation near our district is affecting local wildlife and rainfall.,Environment
RTI applications filed in the nearby colony receive no timely response.,Public Administration
Plastic waste is accumulating in open areas of Deoghar.,Environment
There is no cold storage facility for vegetables grown in Deoghar.,Agriculture
Ambulance service is not available in our district during emergencies.,Healthcare
Transformer at Ramgarh has been faulty for weeks with no repair.,Energy
Illegal dumping of waste is polluting the river near Ramgarh.,Environment
Voltage fluctuation in our village is damaging household appliances.,Energy
Dropout rate is increasing in Dhanbad due to lack of secondary school.,Education
Flooding occurs every monsoon in our district due to poor drainage.,Water Resources
The school in Bokaro has no toilets for girl students.,Education
"There are frequent power cuts in Dhanbad, sometimes lasting all day.",Energy
Voltage fluctuation in Giridih is damaging household appliances.,Energy
Railway station at our district lacks accessible entry points.,Accessibility
Groundwater levels are falling rapidly near Ranchi.,Water Resources
Solar panels installed in Chaibasa under a scheme are not functioning.,Energy
Air quality in Ramgarh has worsened due to nearby industrial units.,Environment
The hand pump in Deoghar has been broken for over a month.,Water Resources
Land record correction requests are delayed for years in our block.,Public Administration
Footpaths in Hazaribagh are not usable by elderly or disabled residents.,Accessibility
Illegal encroachment is blocking footpaths in Jamshedpur.,Urban Development
There is corruption reported in local scheme distribution at Gumla.,Public Administration
"The school building at Ramgarh has no proper roof, students study in fear during rain.",Education
There is no proper garbage collection system in Giridih.,Environment
Public parks in our panchayat are poorly maintained and unsafe at night.,Urban Development
Industrial effluents are being released untreated near Dhanbad.,Environment
Women in Gumla lack opportunities for small-scale entrepreneurship.,Rural Livelihoods
Air quality in Chaibasa has worsened due to nearby industrial units.,Environment
Public parks in Deoghar are poorly maintained and unsafe at night.,Urban Development
Mental health support is completely absent in Giridih.,Healthcare
Rural youth in our village are migrating due to lack of local job opportunities.,Rural Livelihoods
Illegal encroachment is blocking footpaths in Deoghar.,Urban Development
There are no science labs or computers in the school at Gumla.,Education
Public parks in the nearby colony are poorly maintained and unsafe at night.,Urban Development
Hospitals in our district have no wheelchair facility at entrance.,Accessibility
The health sub-centre at Giridih lacks basic equipment.,Healthcare
Government buildings in Deoghar have no ramps for wheelchair users.,Accessibility
Plastic waste is accumulating in open areas of Dhanbad.,Environment
Dropout rate is increasing in our district due to lack of secondary school.,Education
There are no science labs or computers in the school at our district.,Education
Deforestation near Deoghar is affecting local wildlife and rainfall.,Environment
The hospital at our village is overcrowded with no beds available.,Healthcare
Public buses in Deoghar are not accessible for persons with disabilities.,Accessibility
"There are frequent power cuts in Bokaro, sometimes lasting all day.",Energy
MGNREGA wage payments are delayed for workers in the nearby colony.,Rural Livelihoods
There is no proper irrigation facility in the fields of our district.,Agriculture
The school in Jamshedpur has no toilets for girl students.,Education
Transformer at Hazaribagh has been faulty for weeks with no repair.,Energy
Youth in Chaibasa have no access to skill development or vocational training.,Rural Livelihoods
Mining activity near Hazaribagh is causing land degradation.,Environment
Hospitals in Dhanbad have no wheelchair facility at entrance.,Accessibility
Certificate issuance (caste/income) is very slow at Chaibasa office.,Public Administration
Illegal encroachment is blocking footpaths in Dhanbad.,Urban Development
No female doctor available for maternity cases in the nearby colony.,Healthcare
Women in Ranchi lack opportunities for small-scale entrepreneurship.,Rural Livelihoods
There is corruption reported in local scheme distribution at our village.,Public Administration
There are no braille signages in public offices at the nearby colony.,Accessibility
Mid-day meal quality at Chaibasa school is very poor and irregular.,Education
The hospital at Ranchi is overcrowded with no beds available.,Healthcare
Voltage fluctuation in our panchayat is damaging household appliances.,Energy
Vaccination camps are not being held regularly in Ranchi.,Healthcare
Railway station at Ranchi lacks accessible entry points.,Accessibility
Self-help groups in Bokaro lack access to microfinance support.,Rural Livelihoods
There is no proper garbage collection system in our block.,Environment
The hospital at Hazaribagh is overcrowded with no beds available.,Healthcare
"Water tank at Jamshedpur has not been cleaned in years, causing contamination.",Water Resources
There is no market linkage for handicraft artisans in Hazaribagh.,Rural Livelihoods
Women in Hazaribagh lack opportunities for small-scale entrepreneurship.,Rural Livelihoods
There is no cold storage facility for vegetables grown in Hazaribagh.,Agriculture
There is no cold storage facility for vegetables grown in Ramgarh.,Agriculture
RTI applications filed in our district receive no timely response.,Public Administration
Industrial effluents are being released untreated near Ranchi.,Environment
Government scheme benefits are not reaching eligible families in Gumla.,Public Administration
Public buses in Dhanbad are not accessible for persons with disabilities.,Accessibility
There is no permanent teacher in the government school at our village.,Education
Ambulance service is not available in Bokaro during emergencies.,Healthcare
Public toilets in Gumla lack disabled-friendly facilities.,Accessibility
Farmers in Jamshedpur are not getting fair price for their crops.,Agriculture
The primary health centre at Giridih has no doctor available.,Healthcare
Farmers near our village face frequent crop damage due to wild animals.,Agriculture
The hand pump in Giridih has been broken for over a month.,Water Resources
Footpaths in the nearby colony are not usable by elderly or disabled residents.,Accessibility
Dropout rate is increasing in the nearby colony due to lack of secondary school.,Education
The health sub-centre at our district lacks basic equipment.,Healthcare
Traffic congestion at Gumla has increased with no signal management.,Urban Development
There is no clean drinking water supply in Jamshedpur.,Water Resources
RTI applications filed in Ranchi receive no timely response.,Public Administration
There is no proper parking facility in the market area of Hazaribagh.,Urban Development
Anganwadi center at Ramgarh has been shut for months.,Education
Mid-day meal quality at the nearby colony school is very poor and irregular.,Education
Construction debris is left unattended on roads in our district.,Urban Development
Voltage fluctuation in Ranchi is damaging household appliances.,Energy
Schools in Bokaro have no special educators for children with disabilities.,Accessibility
Rural youth in Dhanbad are migrating due to lack of local job opportunities.,Rural Livelihoods
Farmers in Dhanbad lack access to soil testing facilities.,Agriculture
"There are frequent power cuts in Giridih, sometimes lasting all day.",Energy
Vaccination camps are not being held regularly in Ramgarh.,Healthcare
Illegal encroachment is blocking footpaths in our district.,Urban Development
Hospitals in our block have no wheelchair facility at entrance.,Accessibility
"The school building at Bokaro has no proper roof, students study in fear during rain.",Education
There is no proper irrigation facility in the fields of Chaibasa.,Agriculture
Many households in Bokaro are still not connected to the electricity grid.,Energy
"There are frequent power cuts in our district, sometimes lasting all day.",Energy
Subsidized fertilizers are not reaching farmers in Ranchi on time.,Agriculture
Industrial effluents are being released untreated near Giridih.,Environment
Solar panels installed in our block under a scheme are not functioning.,Energy
Ration card applications are pending for months in Dhanbad.,Public Administration
Illegal encroachment is blocking footpaths in Bokaro.,Urban Development
"Storage warehouses are missing near our village, crops rot after harvest.",Agriculture
Anganwadi center at our district has been shut for months.,Education
Public parks in Giridih are poorly maintained and unsafe at night.,Urban Development
Public buses in Ramgarh are not accessible for persons with disabilities.,Accessibility
There is no water testing facility available near Hazaribagh.,Water Resources
There is a severe shortage of medicines at the hospital in our panchayat.,Healthcare
Farmers near Ramgarh face frequent crop damage due to wild animals.,Agriculture
"The school building at Jamshedpur has no proper roof, students study in fear during rain.",Education
Public grievance redressal system in our block is not functioning well.,Public Administration
Streetlights are missing on the main road in Deoghar.,Urban Development
Youth in Jamshedpur have no access to skill development or vocational training.,Rural Livelihoods
There are no braille signages in public offices at Chaibasa.,Accessibility
Transformer at our block has been faulty for weeks with no repair.,Energy
Streetlights in Bokaro have not worked for months.,Energy
Hospitals in Ramgarh have no wheelchair facility at entrance.,Accessibility
There is no cattle/livestock veterinary support available near Deoghar.,Rural Livelihoods
Footpaths in Chaibasa are not usable by elderly or disabled residents.,Accessibility
There are no science labs or computers in the school at Deoghar.,Education
Public buses in Ranchi are not accessible for persons with disabilities.,Accessibility
Government buildings in the nearby colony have no ramps for wheelchair users.,Accessibility
There is corruption reported in local scheme distribution at Jamshedpur.,Public Administration
Construction debris is left unattended on roads in Ramgarh.,Urban Development
The school in Deoghar has no toilets for girl students.,Education
Children in Ranchi have to walk 5 km daily as there is no school nearby.,Education
There is no clean drinking water supply in our village.,Water Resources
There is no water testing facility available near Deoghar.,Water Resources
Youth in our block have no access to skill development or vocational training.,Rural Livelihoods
Mental health support is completely absent in Jamshedpur.,Healthcare
Roads in Deoghar are full of potholes and unsafe for vehicles.,Urban Development
There is no water testing facility available near our block.,Water Resources
Ration card applications are pending for months in our district.,Public Administration
Anganwadi center at our village has been shut for months.,Education
The hospital at Bokaro is overcrowded with no beds available.,Healthcare
Roads in our block are full of potholes and unsafe for vehicles.,Urban Development
Railway station at our panchayat lacks accessible entry points.,Accessibility
There is no electricity connection for the school in the nearby colony.,Energy
There is no proper garbage collection system in Hazaribagh.,Environment
Ambulance service is not available in Deoghar during emergencies.,Healthcare
Public grievance redressal system in Dhanbad is not functioning well.,Public Administration
There are no science labs or computers in the school at Jamshedpur.,Education
Public parks in our village are poorly maintained and unsafe at night.,Urban Development
Self-help groups in Ranchi lack access to microfinance support.,Rural Livelihoods
Farmers in our village lack access to soil testing facilities.,Agriculture
Children in Ramgarh have to walk 5 km daily as there is no school nearby.,Education
Government scheme benefits are not reaching eligible families in our block.,Public Administration
Vaccination camps are not being held regularly in our village.,Healthcare
Children in Bokaro have to walk 5 km daily as there is no school nearby.,Education
Public parks in Hazaribagh are poorly maintained and unsafe at night.,Urban Development
Deforestation near Dhanbad is affecting local wildlife and rainfall.,Environment
Deforestation near Jamshedpur is affecting local wildlife and rainfall.,Environment
"The school building at our block has no proper roof, students study in fear during rain.",Education
Illegal dumping of waste is polluting the river near Dhanbad.,Environment
Groundwater levels are falling rapidly near Ramgarh.,Water Resources
Public parks in Ramgarh are poorly maintained and unsafe at night.,Urban Development
Farmers in Deoghar are not getting fair price for their crops.,Agriculture
New electricity connections are delayed for months in Jamshedpur.,Energy
Certificate issuance (caste/income) is very slow at Bokaro office.,Public Administration
Solar panels installed in Giridih under a scheme are not functioning.,Energy
Government buildings in Giridih have no ramps for wheelchair users.,Accessibility
Flooding occurs every monsoon in Deoghar due to poor drainage.,Water Resources
The hand pump in Dhanbad has been broken for over a month.,Water Resources
There is no cold storage facility for vegetables grown in the nearby colony.,Agriculture
There is a severe shortage of medicines at the hospital in our district.,Healthcare
There is no clean drinking water supply in Bokaro.,Water Resources
"There are frequent power cuts in our panchayat, sometimes lasting all day.",Energy
Youth in Giridih have no access to skill development or vocational training.,Rural Livelihoods
There is a severe shortage of medicines at the hospital in Deoghar.,Healthcare
Government scheme benefits are not reaching eligible families in our village.,Public Administration
Self-help groups in the nearby colony lack access to microfinance support.,Rural Livelihoods
There is no permanent teacher in the government school at Ramgarh.,Education
Many households in Ranchi are still not connected to the electricity grid.,Energy
Dropout rate is increasing in Jamshedpur due to lack of secondary school.,Education
No female doctor available for maternity cases in Hazaribagh.,Healthcare
Anganwadi center at our block has been shut for months.,Education
Many households in our panchayat are still not connected to the electricity grid.,Energy
Panchayat office in our block is not responsive to citizen complaints.,Public Administration
There is no proper garbage collection system in our panchayat.,Environment
There is a severe shortage of medicines at the hospital in Gumla.,Healthcare
Public buses in our panchayat are not accessible for persons with disabilities.,Accessibility
Traffic congestion at Deoghar has increased with no signal management.,Urban Development
Subsidized fertilizers are not reaching farmers in Jamshedpur on time.,Agriculture
Streetlights in Jamshedpur have not worked for months.,Energy
Ration card applications are pending for months in our block.,Public Administration
"There is no proper drainage system in our district, causing waterlogging.",Urban Development
Transformer at our village has been faulty for weeks with no repair.,Energy
There is no market linkage for handicraft artisans in Bokaro.,Rural Livelihoods
"Storage warehouses are missing near Hazaribagh, crops rot after harvest.",Agriculture
There is corruption reported in local scheme distribution at Chaibasa.,Public Administration
Government buildings in Ramgarh have no ramps for wheelchair users.,Accessibility
Dropout rate is increasing in Chaibasa due to lack of secondary school.,Education
There is no water testing facility available near our panchayat.,Water Resources
New electricity connections are delayed for months in Bokaro.,Energy
The primary health centre at Chaibasa has no doctor available.,Healthcare
The hand pump in our block has been broken for over a month.,Water Resources
Migrant workers from Jamshedpur face exploitation due to no local employment.,Rural Livelihoods
Mental health support is completely absent in Ramgarh.,Healthcare
Many households in Ramgarh are still not connected to the electricity grid.,Energy
There is no market linkage for handicraft artisans in Gumla.,Rural Livelihoods
New electricity connections are delayed for months in our district.,Energy
Government scheme benefits are not reaching eligible families in Ramgarh.,Public Administration
The health sub-centre at our block lacks basic equipment.,Healthcare
Streetlights are missing on the main road in Ranchi.,Urban Development
Public toilets in our block lack disabled-friendly facilities.,Accessibility
Deforestation near Ranchi is affecting local wildlife and rainfall.,Environment
There is no proper parking facility in the market area of Bokaro.,Urban Development
Farmers in our panchayat lack access to soil testing facilities.,Agriculture
Roads in Hazaribagh are full of potholes and unsafe for vehicles.,Urban Development
Deforestation near Bokaro is affecting local wildlife and rainfall.,Environment
Villagers in Chaibasa have to travel far to fetch drinking water.,Water Resources
Farmers near Gumla face frequent crop damage due to wild animals.,Agriculture
Vaccination camps are not being held regularly in our panchayat.,Healthcare
Anganwadi center at Chaibasa has been shut for months.,Education
Streetlights in our panchayat have not worked for months.,Energy
Streetlights in our village have not worked for months.,Energy
Construction debris is left unattended on roads in the nearby colony.,Urban Development
Public toilets in Hazaribagh lack disabled-friendly facilities.,Accessibility
Farmers in our block are not getting fair price for their crops.,Agriculture
There is no clean drinking water supply in Hazaribagh.,Water Resources
Government scheme benefits are not reaching eligible families in Jamshedpur.,Public Administration
Certificate issuance (caste/income) is very slow at Jamshedpur office.,Public Administration
Flooding occurs every monsoon in Gumla due to poor drainage.,Water Resources
The hand pump in our panchayat has been broken for over a month.,Water Resources
Self-help groups in Giridih lack access to microfinance support.,Rural Livelihoods
New electricity connections are delayed for months in Gumla.,Energy
There is no proper parking facility in the market area of Chaibasa.,Urban Development
There is no clean drinking water supply in Chaibasa.,Water Resources
The primary health centre at Bokaro has no doctor available.,Healthcare
Certificate issuance (caste/income) is very slow at the nearby colony office.,Public Administration
Dropout rate is increasing in Ramgarh due to lack of secondary school.,Education
There is no proper irrigation facility in the fields of Gumla.,Agriculture
Government buildings in Dhanbad have no ramps for wheelchair users.,Accessibility
There is no proper garbage collection system in Bokaro.,Environment
Land record correction requests are delayed for years in Giridih.,Public Administration
Roads in our village are full of potholes and unsafe for vehicles.,Urban Development
Plastic waste is accumulating in open areas of Ramgarh.,Environment
There is corruption reported in local scheme distribution at Ranchi.,Public Administration
MGNREGA wage payments are delayed for workers in Ramgarh.,Rural Livelihoods
The primary health centre at our panchayat has no doctor available.,Healthcare
Streetlights are missing on the main road in our panchayat.,Urban Development
Anganwadi center at Bokaro has been shut for months.,Education
Many households in the nearby colony are still not connected to the electricity grid.,Energy
Women in our panchayat lack opportunities for small-scale entrepreneurship.,Rural Livelihoods
Streetlights are missing on the main road in the nearby colony.,Urban Development
"There are frequent power cuts in Ramgarh, sometimes lasting all day.",Energy
Certificate issuance (caste/income) is very slow at our village office.,Public Administration
The health sub-centre at Ramgarh lacks basic equipment.,Healthcare
New electricity connections are delayed for months in Ranchi.,Energy
Air quality in our district has worsened due to nearby industrial units.,Environment
MGNREGA wage payments are delayed for workers in our panchayat.,Rural Livelihoods
Government buildings in Chaibasa have no ramps for wheelchair users.,Accessibility
Mental health support is completely absent in our panchayat.,Healthcare
The hand pump in Gumla has been broken for over a month.,Water Resources
RTI applications filed in our village receive no timely response.,Public Administration
Women in our village lack opportunities for small-scale entrepreneurship.,Rural Livelihoods
Migrant workers from our village face exploitation due to no local employment.,Rural Livelihoods
Children in our district have to walk 5 km daily as there is no school nearby.,Education
The primary health centre at Deoghar has no doctor available.,Healthcare
Traffic congestion at Hazaribagh has increased with no signal management.,Urban Development
Construction debris is left unattended on roads in Giridih.,Urban Development
Panchayat office in Hazaribagh is not responsive to citizen complaints.,Public Administration
There is no clean drinking water supply in our district.,Water Resources
Streetlights are missing on the main road in our block.,Urban Development
The hospital at the nearby colony is overcrowded with no beds available.,Healthcare
Air quality in Gumla has worsened due to nearby industrial units.,Environment
Public grievance redressal system in Bokaro is not functioning well.,Public Administration
Groundwater levels are falling rapidly near Giridih.,Water Resources
"Storage warehouses are missing near Deoghar, crops rot after harvest.",Agriculture
Footpaths in Gumla are not usable by elderly or disabled residents.,Accessibility
Migrant workers from Bokaro face exploitation due to no local employment.,Rural Livelihoods
Mining activity near Ranchi is causing land degradation.,Environment
Self-help groups in our district lack access to microfinance support.,Rural Livelihoods
Roads in Jamshedpur are full of potholes and unsafe for vehicles.,Urban Development
The hand pump in Ranchi has been broken for over a month.,Water Resources
Dropout rate is increasing in Ranchi due to lack of secondary school.,Education
Schools in Giridih have no special educators for children with disabilities.,Accessibility
There are no science labs or computers in the school at Bokaro.,Education
Women in Bokaro lack opportunities for small-scale entrepreneurship.,Rural Livelihoods
Mental health support is completely absent in our village.,Healthcare
Trees are being cut illegally near Ramgarh without any replantation.,Environment
There is no cold storage facility for vegetables grown in our village.,Agriculture
No female doctor available for maternity cases in Deoghar.,Healthcare
The hospital at our block is overcrowded with no beds available.,Healthcare
Women in the nearby colony lack opportunities for small-scale entrepreneurship.,Rural Livelihoods
Streetlights in Gumla have not worked for months.,Energy
Streetlights are missing on the main road in Giridih.,Urban Development
Solar panels installed in Deoghar under a scheme are not functioning.,Energy
Villagers in our district have to travel far to fetch drinking water.,Water Resources
Traffic congestion at Jamshedpur has increased with no signal management.,Urban Development
The health sub-centre at Gumla lacks basic equipment.,Healthcare
Crop insurance claims are pending for farmers in Jamshedpur.,Agriculture
There is no proper irrigation facility in the fields of Hazaribagh.,Agriculture
Children in Deoghar have to walk 5 km daily as there is no school nearby.,Education
There is no cattle/livestock veterinary support available near our block.,Rural Livelihoods
Trees are being cut illegally near Deoghar without any replantation.,Environment
Trees are being cut illegally near Gumla without any replantation.,Environment
"Storage warehouses are missing near Dhanbad, crops rot after harvest.",Agriculture
The health sub-centre at our panchayat lacks basic equipment.,Healthcare
"The school building at Giridih has no proper roof, students study in fear during rain.",Education
Groundwater levels are falling rapidly near our village.,Water Resources
Farmers in Hazaribagh lack access to soil testing facilities.,Agriculture
Government scheme benefits are not reaching eligible families in Hazaribagh.,Public Administration
Rural youth in Bokaro are migrating due to lack of local job opportunities.,Rural Livelihoods
There is no electricity connection for the school in Giridih.,Energy
There are no braille signages in public offices at Ranchi.,Accessibility
Self-help groups in Chaibasa lack access to microfinance support.,Rural Livelihoods
Many households in Gumla are still not connected to the electricity grid.,Energy
Footpaths in Ramgarh are not usable by elderly or disabled residents.,Accessibility
Groundwater levels are falling rapidly near Deoghar.,Water Resources
Farmers near our block face frequent crop damage due to wild animals.,Agriculture
There is no proper parking facility in the market area of Jamshedpur.,Urban Development
Many households in Jamshedpur are still not connected to the electricity grid.,Energy
Transformer at Ranchi has been faulty for weeks with no repair.,Energy
Government scheme benefits are not reaching eligible families in Giridih.,Public Administration
Railway station at Jamshedpur lacks accessible entry points.,Accessibility
Schools in Ramgarh have no special educators for children with disabilities.,Accessibility
Children in Chaibasa have to walk 5 km daily as there is no school nearby.,Education
Dropout rate is increasing in our block due to lack of secondary school.,Education
There is no cattle/livestock veterinary support available near Jamshedpur.,Rural Livelihoods
Streetlights in the nearby colony have not worked for months.,Energy
No female doctor available for maternity cases in our panchayat.,Healthcare
There is no water testing facility available near our district.,Water Resources
Farmers near Jamshedpur face frequent crop damage due to wild animals.,Agriculture
Farmers in Gumla lack access to soil testing facilities.,Agriculture
Illegal dumping of waste is polluting the river near Gumla.,Environment
"There are frequent power cuts in the nearby colony, sometimes lasting all day.",Energy
Women in Deoghar lack opportunities for small-scale entrepreneurship.,Rural Livelihoods
Farmers in our block lack access to soil testing facilities.,Agriculture
Panchayat office in Dhanbad is not responsive to citizen complaints.,Public Administration
Construction debris is left unattended on roads in Ranchi.,Urban Development
There is no proper garbage collection system in Ranchi.,Environment
"Water tank at our district has not been cleaned in years, causing contamination.",Water Resources
Plastic waste is accumulating in open areas of Hazaribagh.,Environment
Air quality in the nearby colony has worsened due to nearby industrial units.,Environment
There is no clean drinking water supply in Ramgarh.,Water Resources
The hand pump in Ramgarh has been broken for over a month.,Water Resources
RTI applications filed in Giridih receive no timely response.,Public Administration
Schools in our village have no special educators for children with disabilities.,Accessibility
Subsidized fertilizers are not reaching farmers in our village on time.,Agriculture
Public grievance redressal system in our panchayat is not functioning well.,Public Administration
No female doctor available for maternity cases in Chaibasa.,Healthcare
Trees are being cut illegally near our block without any replantation.,Environment
Public grievance redressal system in Ranchi is not functioning well.,Public Administration
Roads in Chaibasa are full of potholes and unsafe for vehicles.,Urban Development
Mental health support is completely absent in the nearby colony.,Healthcare
New electricity connections are delayed for months in our block.,Energy
Illegal dumping of waste is polluting the river near Deoghar.,Environment
There is no proper parking facility in the market area of the nearby colony.,Urban Development
Public toilets in Deoghar lack disabled-friendly facilities.,Accessibility
Crop insurance claims are pending for farmers in our panchayat.,Agriculture
Public grievance redressal system in Giridih is not functioning well.,Public Administration
The primary health centre at Gumla has no doctor available.,Healthcare
Industrial effluents are being released untreated near our village.,Environment
Trees are being cut illegally near our village without any replantation.,Environment
Panchayat office in Jamshedpur is not responsive to citizen complaints.,Public Administration
"There is no proper drainage system in Gumla, causing waterlogging.",Urban Development
Industrial effluents are being released untreated near our district.,Environment
Children in Jamshedpur have to walk 5 km daily as there is no school nearby.,Education
Children in our block have to walk 5 km daily as there is no school nearby.,Education
Government buildings in our block have no ramps for wheelchair users.,Accessibility
RTI applications filed in our block receive no timely response.,Public Administration
"There is no proper drainage system in Ramgarh, causing waterlogging.",Urban Development
The school in Chaibasa has no toilets for girl students.,Education
"The school building at Hazaribagh has no proper roof, students study in fear during rain.",Education
Panchayat office in Bokaro is not responsive to citizen complaints.,Public Administration
Footpaths in Jamshedpur are not usable by elderly or disabled residents.,Accessibility
There is no proper irrigation facility in the fields of Bokaro.,Agriculture
Villagers in our block have to travel far to fetch drinking water.,Water Resources
"Storage warehouses are missing near our district, crops rot after harvest.",Agriculture
There are no braille signages in public offices at our block.,Accessibility
Farmers near Ranchi face frequent crop damage due to wild animals.,Agriculture
There is no electricity connection for the school in Gumla.,Energy
Railway station at Hazaribagh lacks accessible entry points.,Accessibility
The hospital at Giridih is overcrowded with no beds available.,Healthcare
Crop insurance claims are pending for farmers in Deoghar.,Agriculture
"There is no proper drainage system in Dhanbad, causing waterlogging.",Urban Development
There is no proper irrigation facility in the fields of our block.,Agriculture
There is no proper parking facility in the market area of our panchayat.,Urban Development
There is no cattle/livestock veterinary support available near Bokaro.,Rural Livelihoods
Flooding occurs every monsoon in Ramgarh due to poor drainage.,Water Resources
Certificate issuance (caste/income) is very slow at Giridih office.,Public Administration
The pipeline supplying water to Bokaro is leaking badly.,Water Resources
There are no science labs or computers in the school at our village.,Education
Mining activity near Deoghar is causing land degradation.,Environment
Groundwater levels are falling rapidly near the nearby colony.,Water Resources
"The school building at our panchayat has no proper roof, students study in fear during rain.",Education
There is no electricity connection for the school in Bokaro.,Energy
RTI applications filed in Bokaro receive no timely response.,Public Administration
The health sub-centre at Hazaribagh lacks basic equipment.,Healthcare
"Water tank at Gumla has not been cleaned in years, causing contamination.",Water Resources
Crop insurance claims are pending for farmers in our district.,Agriculture
Plastic waste is accumulating in open areas of the nearby colony.,Environment
"The school building at our district has no proper roof, students study in fear during rain.",Education
Hospitals in Gumla have no wheelchair facility at entrance.,Accessibility
Transformer at our panchayat has been faulty for weeks with no repair.,Energy
"Storage warehouses are missing near Gumla, crops rot after harvest.",Agriculture
Many households in Chaibasa are still not connected to the electricity grid.,Energy
Air quality in Hazaribagh has worsened due to nearby industrial units.,Environment
Mental health support is completely absent in Ranchi.,Healthcare
Transformer at Gumla has been faulty for weeks with no repair.,Energy
Ration card applications are pending for months in Chaibasa.,Public Administration
Railway station at Chaibasa lacks accessible entry points.,Accessibility
Subsidized fertilizers are not reaching farmers in Deoghar on time.,Agriculture
There is no clean drinking water supply in Ranchi.,Water Resources
Government scheme benefits are not reaching eligible families in our panchayat.,Public Administration
Public toilets in our village lack disabled-friendly facilities.,Accessibility
The hand pump in our district has been broken for over a month.,Water Resources
"The school building at Deoghar has no proper roof, students study in fear during rain.",Education
Groundwater levels are falling rapidly near Chaibasa.,Water Resources
Certificate issuance (caste/income) is very slow at Hazaribagh office.,Public Administration
The hospital at Jamshedpur is overcrowded with no beds available.,Healthcare
Mid-day meal quality at Bokaro school is very poor and irregular.,Education
Villagers in Deoghar have to travel far to fetch drinking water.,Water Resources
Flooding occurs every monsoon in our panchayat due to poor drainage.,Water Resources
Schools in Dhanbad have no special educators for children with disabilities.,Accessibility
Women in our district lack opportunities for small-scale entrepreneurship.,Rural Livelihoods
"Water tank at our panchayat has not been cleaned in years, causing contamination.",Water Resources
Traffic congestion at our district has increased with no signal management.,Urban Development
There is no market linkage for handicraft artisans in our panchayat.,Rural Livelihoods
Land record correction requests are delayed for years in our panchayat.,Public Administration
Ambulance service is not available in Giridih during emergencies.,Healthcare
Groundwater levels are falling rapidly near Dhanbad.,Water Resources
Mental health support is completely absent in our block.,Healthcare
Ambulance service is not available in Hazaribagh during emergencies.,Healthcare
RTI applications filed in Dhanbad receive no timely response.,Public Administration
Land record correction requests are delayed for years in Ramgarh.,Public Administration
Youth in Gumla have no access to skill development or vocational training.,Rural Livelihoods
Youth in our district have no access to skill development or vocational training.,Rural Livelihoods
Voltage fluctuation in Deoghar is damaging household appliances.,Energy
There is no proper parking facility in the market area of our district.,Urban Development
There is no market linkage for handicraft artisans in our block.,Rural Livelihoods
Railway station at Bokaro lacks accessible entry points.,Accessibility
There are no science labs or computers in the school at Hazaribagh.,Education
There is no water testing facility available near Ranchi.,Water Resources
"Storage warehouses are missing near our block, crops rot after harvest.",Agriculture
There are no braille signages in public offices at Hazaribagh.,Accessibility
Air quality in Jamshedpur has worsened due to nearby industrial units.,Environment
There is no proper garbage collection system in Chaibasa.,Environment
Traffic congestion at our panchayat has increased with no signal management.,Urban Development
Farmers in the nearby colony are not getting fair price for their crops.,Agriculture
There is no proper irrigation facility in the fields of our village.,Agriculture
Public grievance redressal system in Jamshedpur is not functioning well.,Public Administration
Public grievance redressal system in Deoghar is not functioning well.,Public Administration
Ambulance service is not available in our panchayat during emergencies.,Healthcare
There is no water testing facility available near Giridih.,Water Resources
Government buildings in Ranchi have no ramps for wheelchair users.,Accessibility
The pipeline supplying water to Jamshedpur is leaking badly.,Water Resources
Deforestation near Giridih is affecting local wildlife and rainfall.,Environment
Ration card applications are pending for months in Giridih.,Public Administration
There is no cold storage facility for vegetables grown in Gumla.,Agriculture
Footpaths in our district are not usable by elderly or disabled residents.,Accessibility
Trees are being cut illegally near Dhanbad without any replantation.,Environment
Public toilets in Ramgarh lack disabled-friendly facilities.,Accessibility
New electricity connections are delayed for months in Deoghar.,Energy
There is a severe shortage of medicines at the hospital in Jamshedpur.,Healthcare
Flooding occurs every monsoon in Dhanbad due to poor drainage.,Water Resources
The primary health centre at Hazaribagh has no doctor available.,Healthcare
Illegal encroachment is blocking footpaths in Ramgarh.,Urban Development
Trees are being cut illegally near Ranchi without any replantation.,Environment
Public toilets in our panchayat lack disabled-friendly facilities.,Accessibility
Flooding occurs every monsoon in our village due to poor drainage.,Water Resources
There is no proper garbage collection system in Deoghar.,Environment
No female doctor available for maternity cases in Ranchi.,Healthcare
MGNREGA wage payments are delayed for workers in Jamshedpur.,Rural Livelihoods
There is no market linkage for handicraft artisans in Deoghar.,Rural Livelihoods
Construction debris is left unattended on roads in Bokaro.,Urban Development
There is no permanent teacher in the government school at Deoghar.,Education
Public parks in Dhanbad are poorly maintained and unsafe at night.,Urban Development
Farmers in Gumla are not getting fair price for their crops.,Agriculture
Self-help groups in our panchayat lack access to microfinance support.,Rural Livelihoods
Air quality in our block has worsened due to nearby industrial units.,Environment
Migrant workers from our block face exploitation due to no local employment.,Rural Livelihoods
Vaccination camps are not being held regularly in Hazaribagh.,Healthcare
Industrial effluents are being released untreated near Hazaribagh.,Environment
Villagers in Hazaribagh have to travel far to fetch drinking water.,Water Resources
Migrant workers from Chaibasa face exploitation due to no local employment.,Rural Livelihoods
Self-help groups in Ramgarh lack access to microfinance support.,Rural Livelihoods
Many households in our village are still not connected to the electricity grid.,Energy
Illegal dumping of waste is polluting the river near Giridih.,Environment
Government buildings in our village have no ramps for wheelchair users.,Accessibility
The school in Dhanbad has no toilets for girl students.,Education
Ration card applications are pending for months in Deoghar.,Public Administration
Ambulance service is not available in Ranchi during emergencies.,Healthcare
Vaccination camps are not being held regularly in Chaibasa.,Healthcare
Mental health support is completely absent in Deoghar.,Healthcare
There is no cold storage facility for vegetables grown in Dhanbad.,Agriculture
Ration card applications are pending for months in Gumla.,Public Administration
Hospitals in our village have no wheelchair facility at entrance.,Accessibility
Crop insurance claims are pending for farmers in the nearby colony.,Agriculture
Footpaths in Dhanbad are not usable by elderly or disabled residents.,Accessibility
Voltage fluctuation in Bokaro is damaging household appliances.,Energy
There is no proper garbage collection system in Dhanbad.,Environment
Farmers in Deoghar lack access to soil testing facilities.,Agriculture
There are no science labs or computers in the school at our block.,Education
The health sub-centre at Chaibasa lacks basic equipment.,Healthcare
Land record correction requests are delayed for years in Jamshedpur.,Public Administration
New electricity connections are delayed for months in Hazaribagh.,Energy
Land record correction requests are delayed for years in Chaibasa.,Public Administration
Voltage fluctuation in our district is damaging household appliances.,Energy
Traffic congestion at Dhanbad has increased with no signal management.,Urban Development
Migrant workers from Deoghar face exploitation due to no local employment.,Rural Livelihoods
There is no cold storage facility for vegetables grown in our district.,Agriculture
Many households in Giridih are still not connected to the electricity grid.,Energy
Women in Ramgarh lack opportunities for small-scale entrepreneurship.,Rural Livelihoods
Youth in our village have no access to skill development or vocational training.,Rural Livelihoods
Illegal encroachment is blocking footpaths in Gumla.,Urban Development
Farmers in Chaibasa lack access to soil testing facilities.,Agriculture
Subsidized fertilizers are not reaching farmers in our block on time.,Agriculture
There is no permanent teacher in the government school at Ranchi.,Education
Plastic waste is accumulating in open areas of Giridih.,Environment
"Water tank at our village has not been cleaned in years, causing contamination.",Water Resources
Subsidized fertilizers are not reaching farmers in Chaibasa on time.,Agriculture
Trees are being cut illegally near our panchayat without any replantation.,Environment
Streetlights in Ranchi have not worked for months.,Energy
Rural youth in Giridih are migrating due to lack of local job opportunities.,Rural Livelihoods
There is no cattle/livestock veterinary support available near Hazaribagh.,Rural Livelihoods
Villagers in our village have to travel far to fetch drinking water.,Water Resources
There is corruption reported in local scheme distribution at Hazaribagh.,Public Administration
Public parks in Ranchi are poorly maintained and unsafe at night.,Urban Development
Construction debris is left unattended on roads in our village.,Urban Development
Subsidized fertilizers are not reaching farmers in Dhanbad on time.,Agriculture
There is corruption reported in local scheme distribution at our block.,Public Administration
Migrant workers from our district face exploitation due to no local employment.,Rural Livelihoods
"Water tank at the nearby colony has not been cleaned in years, causing contamination.",Water Resources
Hospitals in Chaibasa have no wheelchair facility at entrance.,Accessibility
There is no cold storage facility for vegetables grown in Jamshedpur.,Agriculture
Deforestation near Gumla is affecting local wildlife and rainfall.,Environment
Public buses in the nearby colony are not accessible for persons with disabilities.,Accessibility
The primary health centre at Ramgarh has no doctor available.,Healthcare
Construction debris is left unattended on roads in Chaibasa.,Urban Development
New electricity connections are delayed for months in Ramgarh.,Energy
MGNREGA wage payments are delayed for workers in Deoghar.,Rural Livelihoods
Public grievance redressal system in the nearby colony is not functioning well.,Public Administration
There is no electricity connection for the school in Deoghar.,Energy
Roads in our panchayat are full of potholes and unsafe for vehicles.,Urban Development
Panchayat office in Gumla is not responsive to citizen complaints.,Public Administration
There is no clean drinking water supply in our panchayat.,Water Resources
Vaccination camps are not being held regularly in Giridih.,Healthcare
There is no electricity connection for the school in our block.,Energy
Mining activity near our block is causing land degradation.,Environment
There is no proper garbage collection system in Ramgarh.,Environment
Government scheme benefits are not reaching eligible families in Ranchi.,Public Administration
New electricity connections are delayed for months in Giridih.,Energy
Traffic congestion at our block has increased with no signal management.,Urban Development
There is no proper irrigation facility in the fields of Deoghar.,Agriculture
Schools in Chaibasa have no special educators for children with disabilities.,Accessibility
MGNREGA wage payments are delayed for workers in Hazaribagh.,Rural Livelihoods
Groundwater levels are falling rapidly near Hazaribagh.,Water Resources
Traffic congestion at Ranchi has increased with no signal management.,Urban Development
Deforestation near the nearby colony is affecting local wildlife and rainfall.,Environment
Many households in Deoghar are still not connected to the electricity grid.,Energy
The pipeline supplying water to our block is leaking badly.,Water Resources
There are no braille signages in public offices at Deoghar.,Accessibility
Farmers near Chaibasa face frequent crop damage due to wild animals.,Agriculture
The pipeline supplying water to Gumla is leaking badly.,Water Resources
"There are frequent power cuts in our village, sometimes lasting all day.",Energy
There is corruption reported in local scheme distribution at Giridih.,Public Administration
Migrant workers from Ranchi face exploitation due to no local employment.,Rural Livelihoods
Government buildings in our district have no ramps for wheelchair users.,Accessibility
Industrial effluents are being released untreated near Gumla.,Environment
No female doctor available for maternity cases in Dhanbad.,Healthcare
There are no braille signages in public offices at Gumla.,Accessibility
Construction debris is left unattended on roads in Hazaribagh.,Urban Development
"The school building at the nearby colony has no proper roof, students study in fear during rain.",Education
Crop insurance claims are pending for farmers in Gumla.,Agriculture
There is corruption reported in local scheme distribution at Dhanbad.,Public Administration
Transformer at Deoghar has been faulty for weeks with no repair.,Energy
"Water tank at Hazaribagh has not been cleaned in years, causing contamination.",Water Resources
Deforestation near our block is affecting local wildlife and rainfall.,Environment
Voltage fluctuation in our block is damaging household appliances.,Energy
Farmers near our district face frequent crop damage due to wild animals.,Agriculture
Ration card applications are pending for months in Bokaro.,Public Administration
Mid-day meal quality at our block school is very poor and irregular.,Education
Ration card applications are pending for months in our panchayat.,Public Administration
Crop insurance claims are pending for farmers in Giridih.,Agriculture
"Water tank at Bokaro has not been cleaned in years, causing contamination.",Water Resources
Vaccination camps are not being held regularly in Dhanbad.,Healthcare
There is no electricity connection for the school in Ranchi.,Energy
"The school building at Gumla has no proper roof, students study in fear during rain.",Education
Youth in Dhanbad have no access to skill development or vocational training.,Rural Livelihoods
Mental health support is completely absent in Chaibasa.,Healthcare
Subsidized fertilizers are not reaching farmers in our panchayat on time.,Agriculture
Farmers near the nearby colony face frequent crop damage due to wild animals.,Agriculture
Certificate issuance (caste/income) is very slow at our panchayat office.,Public Administration
Vaccination camps are not being held regularly in Gumla.,Healthcare
Mental health support is completely absent in Dhanbad.,Healthcare
Illegal dumping of waste is polluting the river near Jamshedpur.,Environment
RTI applications filed in our panchayat receive no timely response.,Public Administration
Groundwater levels are falling rapidly near Jamshedpur.,Water Resources
Anganwadi center at Deoghar has been shut for months.,Education
New electricity connections are delayed for months in the nearby colony.,Energy
Migrant workers from Giridih face exploitation due to no local employment.,Rural Livelihoods
"Storage warehouses are missing near Bokaro, crops rot after harvest.",Agriculture
There is corruption reported in local scheme distribution at Deoghar.,Public Administration
Streetlights are missing on the main road in Dhanbad.,Urban Development
MGNREGA wage payments are delayed for workers in our village.,Rural Livelihoods
Villagers in Jamshedpur have to travel far to fetch drinking water.,Water Resources
Crop insurance claims are pending for farmers in our village.,Agriculture
Streetlights are missing on the main road in Hazaribagh.,Urban Development
No female doctor available for maternity cases in Bokaro.,Healthcare
"The school building at our village has no proper roof, students study in fear during rain.",Education
Villagers in Dhanbad have to travel far to fetch drinking water.,Water Resources
No female doctor available for maternity cases in Jamshedpur.,Healthcare
The health sub-centre at Jamshedpur lacks basic equipment.,Healthcare
Hospitals in Giridih have no wheelchair facility at entrance.,Accessibility
Railway station at the nearby colony lacks accessible entry points.,Accessibility
Streetlights in Deoghar have not worked for months.,Energy
Hospitals in Hazaribagh have no wheelchair facility at entrance.,Accessibility
Trees are being cut illegally near Bokaro without any replantation.,Environment
Panchayat office in Chaibasa is not responsive to citizen complaints.,Public Administration
Anganwadi center at Ranchi has been shut for months.,Education
There is no electricity connection for the school in Ramgarh.,Energy
Ration card applications are pending for months in our village.,Public Administration
Transformer at Chaibasa has been faulty for weeks with no repair.,Energy
There is no market linkage for handicraft artisans in our village.,Rural Livelihoods
There is no clean drinking water supply in Giridih.,Water Resources
Footpaths in Bokaro are not usable by elderly or disabled residents.,Accessibility
There is no clean drinking water supply in the nearby colony.,Water Resources
There is no cold storage facility for vegetables grown in Ranchi.,Agriculture
Children in our panchayat have to walk 5 km daily as there is no school nearby.,Education
Youth in our panchayat have no access to skill development or vocational training.,Rural Livelihoods
There is no cattle/livestock veterinary support available near our district.,Rural Livelihoods
Ambulance service is not available in Jamshedpur during emergencies.,Healthcare
Plastic waste is accumulating in open areas of our village.,Environment
Industrial effluents are being released untreated near our block.,Environment
Government buildings in Gumla have no ramps for wheelchair users.,Accessibility
Children in Giridih have to walk 5 km daily as there is no school nearby.,Education
Plastic waste is accumulating in open areas of Bokaro.,Environment
Ambulance service is not available in Dhanbad during emergencies.,Healthcare
New electricity connections are delayed for months in Dhanbad.,Energy
Ration card applications are pending for months in Ramgarh.,Public Administration
There is no market linkage for handicraft artisans in our district.,Rural Livelihoods
Public buses in Chaibasa are not accessible for persons with disabilities.,Accessibility
Trees are being cut illegally near Hazaribagh without any replantation.,Environment
The pipeline supplying water to Dhanbad is leaking badly.,Water Resources
Roads in Dhanbad are full of potholes and unsafe for vehicles.,Urban Development
Plastic waste is accumulating in open areas of Gumla.,Environment
There is no water testing facility available near Dhanbad.,Water Resources
Streetlights are missing on the main road in Gumla.,Urban Development
The health sub-centre at Ranchi lacks basic equipment.,Healthcare
There is no proper irrigation facility in the fields of the nearby colony.,Agriculture
Voltage fluctuation in Ramgarh is damaging household appliances.,Energy
The primary health centre at the nearby colony has no doctor available.,Healthcare
Public parks in Gumla are poorly maintained and unsafe at night.,Urban Development
Crop insurance claims are pending for farmers in our block.,Agriculture
There is no permanent teacher in the government school at Bokaro.,Education
The school in Ranchi has no toilets for girl students.,Education
MGNREGA wage payments are delayed for workers in Giridih.,Rural Livelihoods
Railway station at Dhanbad lacks accessible entry points.,Accessibility
There is no proper parking facility in the market area of Giridih.,Urban Development
Dropout rate is increasing in Hazaribagh due to lack of secondary school.,Education
The school in Ramgarh has no toilets for girl students.,Education
RTI applications filed in Jamshedpur receive no timely response.,Public Administration
Air quality in Deoghar has worsened due to nearby industrial units.,Environment
Deforestation near Ramgarh is affecting local wildlife and rainfall.,Environment
Construction debris is left unattended on roads in Deoghar.,Urban Development
Voltage fluctuation in Hazaribagh is damaging household appliances.,Energy
Transformer at the nearby colony has been faulty for weeks with no repair.,Energy
Vaccination camps are not being held regularly in the nearby colony.,Healthcare
Farmers near Giridih face frequent crop damage due to wild animals.,Agriculture
Roads in our district are full of potholes and unsafe for vehicles.,Urban Development
The hospital at Deoghar is overcrowded with no beds available.,Healthcare
Many households in Hazaribagh are still not connected to the electricity grid.,Energy
Farmers in Bokaro lack access to soil testing facilities.,Agriculture
"Storage warehouses are missing near Chaibasa, crops rot after harvest.",Agriculture
Ambulance service is not available in Gumla during emergencies.,Healthcare
Plastic waste is accumulating in open areas of our block.,Environment
Streetlights are missing on the main road in our village.,Urban Development
Anganwadi center at Hazaribagh has been shut for months.,Education
RTI applications filed in Ramgarh receive no timely response.,Public Administration
"Storage warehouses are missing near Ranchi, crops rot after harvest.",Agriculture
There is a severe shortage of medicines at the hospital in Dhanbad.,Healthcare
Anganwadi center at Jamshedpur has been shut for months.,Education
There is no electricity connection for the school in Hazaribagh.,Energy
Subsidized fertilizers are not reaching farmers in Giridih on time.,Agriculture
Plastic waste is accumulating in open areas of our panchayat.,Environment
Construction debris is left unattended on roads in our block.,Urban Development
There is no electricity connection for the school in Chaibasa.,Energy
There is no permanent teacher in the government school at Chaibasa.,Education
There is no cattle/livestock veterinary support available near Giridih.,Rural Livelihoods
Panchayat office in Ranchi is not responsive to citizen complaints.,Public Administration
Land record correction requests are delayed for years in Ranchi.,Public Administration
Many households in our block are still not connected to the electricity grid.,Energy
Subsidized fertilizers are not reaching farmers in Gumla on time.,Agriculture
Roads in Ranchi are full of potholes and unsafe for vehicles.,Urban Development
Plastic waste is accumulating in open areas of Jamshedpur.,Environment
The pipeline supplying water to the nearby colony is leaking badly.,Water Resources
Public toilets in Giridih lack disabled-friendly facilities.,Accessibility
Farmers in Giridih lack access to soil testing facilities.,Agriculture
The hand pump in Bokaro has been broken for over a month.,Water Resources
Farmers in our village are not getting fair price for their crops.,Agriculture
Public toilets in Ranchi lack disabled-friendly facilities.,Accessibility
Farmers near our panchayat face frequent crop damage due to wild animals.,Agriculture
Land record correction requests are delayed for years in our village.,Public Administration
Public toilets in Chaibasa lack disabled-friendly facilities.,Accessibility
Deforestation near Chaibasa is affecting local wildlife and rainfall.,Environment
Self-help groups in Hazaribagh lack access to microfinance support.,Rural Livelihoods
Mining activity near our village is causing land degradation.,Environment
There are no science labs or computers in the school at Ranchi.,Education
Dropout rate is increasing in our panchayat due to lack of secondary school.,Education
Trees are being cut illegally near Giridih without any replantation.,Environment
Streetlights in Giridih have not worked for months.,Energy
There is no market linkage for handicraft artisans in the nearby colony.,Rural Livelihoods
There is no permanent teacher in the government school at Gumla.,Education
Mid-day meal quality at our district school is very poor and irregular.,Education
Illegal encroachment is blocking footpaths in Hazaribagh.,Urban Development
There are no braille signages in public offices at our village.,Accessibility
Certificate issuance (caste/income) is very slow at Ramgarh office.,Public Administration
Subsidized fertilizers are not reaching farmers in Ramgarh on time.,Agriculture
Solar panels installed in Ranchi under a scheme are not functioning.,Energy
There is no electricity connection for the school in our panchayat.,Energy
The primary health centre at our district has no doctor available.,Healthcare
"Water tank at Ranchi has not been cleaned in years, causing contamination.",Water Resources
Railway station at Ramgarh lacks accessible entry points.,Accessibility
Farmers in Hazaribagh are not getting fair price for their crops.,Agriculture
Public toilets in our district lack disabled-friendly facilities.,Accessibility
Roads in the nearby colony are full of potholes and unsafe for vehicles.,Urban Development
Land record correction requests are delayed for years in our district.,Public Administration
There is no cattle/livestock veterinary support available near our panchayat.,Rural Livelihoods
There is no proper irrigation facility in the fields of our panchayat.,Agriculture
Government scheme benefits are not reaching eligible families in our district.,Public Administration
There is no proper garbage collection system in our village.,Environment
Trees are being cut illegally near Chaibasa without any replantation.,Environment
Industrial effluents are being released untreated near our panchayat.,Environment
Solar panels installed in the nearby colony under a scheme are not functioning.,Energy
Self-help groups in our block lack access to microfinance support.,Rural Livelihoods
There are no science labs or computers in the school at Chaibasa.,Education
Streetlights in Hazaribagh have not worked for months.,Energy
Children in our village have to walk 5 km daily as there is no school nearby.,Education
"There are frequent power cuts in Chaibasa, sometimes lasting all day.",Energy
Migrant workers from Ramgarh face exploitation due to no local employment.,Rural Livelihoods
Farmers in our panchayat are not getting fair price for their crops.,Agriculture
Trees are being cut illegally near the nearby colony without any replantation.,Environment
The primary health centre at Dhanbad has no doctor available.,Healthcare
"Water tank at Chaibasa has not been cleaned in years, causing contamination.",Water Resources
Farmers in Ranchi are not getting fair price for their crops.,Agriculture
Ration card applications are pending for months in Hazaribagh.,Public Administration
Transformer at Jamshedpur has been faulty for weeks with no repair.,Energy
Mid-day meal quality at Gumla school is very poor and irregular.,Education
"There are frequent power cuts in Gumla, sometimes lasting all day.",Energy
Mid-day meal quality at our village school is very poor and irregular.,Education
No female doctor available for maternity cases in our village.,Healthcare
There are no braille signages in public offices at Jamshedpur.,Accessibility
There are no science labs or computers in the school at Ramgarh.,Education
Deforestation near our village is affecting local wildlife and rainfall.,Environment
Public toilets in the nearby colony lack disabled-friendly facilities.,Accessibility
RTI applications filed in Deoghar receive no timely response.,Public Administration
Mining activity near Bokaro is causing land degradation.,Environment
There are no braille signages in public offices at Bokaro.,Accessibility
Youth in Ramgarh have no access to skill development or vocational training.,Rural Livelihoods
Illegal dumping of waste is polluting the river near Chaibasa.,Environment
Industrial effluents are being released untreated near the nearby colony.,Environment
Ration card applications are pending for months in Ranchi.,Public Administration
The school in the nearby colony has no toilets for girl students.,Education
There is no cold storage facility for vegetables grown in Giridih.,Agriculture
Government scheme benefits are not reaching eligible families in Dhanbad.,Public Administration
There is corruption reported in local scheme distribution at our panchayat.,Public Administration
Plastic waste is accumulating in open areas of Ranchi.,Environment
Streetlights are missing on the main road in Bokaro.,Urban Development
Industrial effluents are being released untreated near Chaibasa.,Environment
The school in our district has no toilets for girl students.,Education
The hospital at our panchayat is overcrowded with no beds available.,Healthcare
Subsidized fertilizers are not reaching farmers in Bokaro on time.,Agriculture
There is corruption reported in local scheme distribution at Bokaro.,Public Administration
Ambulance service is not available in Chaibasa during emergencies.,Healthcare
Air quality in Bokaro has worsened due to nearby industrial units.,Environment
There is no cattle/livestock veterinary support available near Chaibasa.,Rural Livelihoods
There is no electricity connection for the school in Dhanbad.,Energy
Migrant workers from Dhanbad face exploitation due to no local employment.,Rural Livelihoods
Railway station at Giridih lacks accessible entry points.,Accessibility
"There is no proper drainage system in the nearby colony, causing waterlogging.",Urban Development
New electricity connections are delayed for months in Chaibasa.,Energy
Panchayat office in Ramgarh is not responsive to citizen complaints.,Public Administration
There is no market linkage for handicraft artisans in Jamshedpur.,Rural Livelihoods
Flooding occurs every monsoon in Ranchi due to poor drainage.,Water Resources
Land record correction requests are delayed for years in Dhanbad.,Public Administration
Traffic congestion at Ramgarh has increased with no signal management.,Urban Development
"Storage warehouses are missing near Jamshedpur, crops rot after harvest.",Agriculture
Groundwater levels are falling rapidly near Gumla.,Water Resources
There is no permanent teacher in the government school at Dhanbad.,Education
The hand pump in the nearby colony has been broken for over a month.,Water Resources
The health sub-centre at Bokaro lacks basic equipment.,Healthcare
Mid-day meal quality at Ranchi school is very poor and irregular.,Education
Government scheme benefits are not reaching eligible families in Deoghar.,Public Administration
"Water tank at Deoghar has not been cleaned in years, causing contamination.",Water Resources
Footpaths in Ranchi are not usable by elderly or disabled residents.,Accessibility
The hospital at Chaibasa is overcrowded with no beds available.,Healthcare
Illegal dumping of waste is polluting the river near our panchayat.,Environment
Land record correction requests are delayed for years in the nearby colony.,Public Administration
Panchayat office in our district is not responsive to citizen complaints.,Public Administration
The health sub-centre at Deoghar lacks basic equipment.,Healthcare
Farmers in Dhanbad are not getting fair price for their crops.,Agriculture
Public buses in our district are not accessible for persons with disabilities.,Accessibility
Illegal encroachment is blocking footpaths in Giridih.,Urban Development
Hospitals in Bokaro have no wheelchair facility at entrance.,Accessibility
Dropout rate is increasing in Deoghar due to lack of secondary school.,Education
"The school building at Ranchi has no proper roof, students study in fear during rain.",Education
Public buses in Jamshedpur are not accessible for persons with disabilities.,Accessibility
Mining activity near the nearby colony is causing land degradation.,Environment
Solar panels installed in Ramgarh under a scheme are not functioning.,Energy
Rural youth in the nearby colony are migrating due to lack of local job opportunities.,Rural Livelihoods
There is corruption reported in local scheme distribution at the nearby colony.,Public Administration
Rural youth in our panchayat are migrating due to lack of local job opportunities.,Rural Livelihoods
There are no braille signages in public offices at Giridih.,Accessibility
There is corruption reported in local scheme distribution at Ramgarh.,Public Administration
Construction debris is left unattended on roads in Dhanbad.,Urban Development
There is no water testing facility available near Bokaro.,Water Resources
There are no science labs or computers in the school at Dhanbad.,Education
Hospitals in Ranchi have no wheelchair facility at entrance.,Accessibility
Footpaths in our village are not usable by elderly or disabled residents.,Accessibility
There is no cattle/livestock veterinary support available near Dhanbad.,Rural Livelihoods
Flooding occurs every monsoon in Chaibasa due to poor drainage.,Water Resources
Certificate issuance (caste/income) is very slow at Ranchi office.,Public Administration
No female doctor available for maternity cases in Ramgarh.,Healthcare
There is no market linkage for handicraft artisans in Ramgarh.,Rural Livelihoods
There is a severe shortage of medicines at the hospital in Chaibasa.,Healthcare
There is no water testing facility available near Gumla.,Water Resources
Mining activity near Gumla is causing land degradation.,Environment
Panchayat office in the nearby colony is not responsive to citizen complaints.,Public Administration
Vaccination camps are not being held regularly in Jamshedpur.,Healthcare
Farmers in our district are not getting fair price for their crops.,Agriculture
Anganwadi center at Giridih has been shut for months.,Education
There are no braille signages in public offices at our panchayat.,Accessibility
There is no proper parking facility in the market area of Gumla.,Urban Development
Farmers near Dhanbad face frequent crop damage due to wild animals.,Agriculture
"There is no proper drainage system in our village, causing waterlogging.",Urban Development
"Water tank at Ramgarh has not been cleaned in years, causing contamination.",Water Resources
Mid-day meal quality at Dhanbad school is very poor and irregular.,Education
Dropout rate is increasing in our village due to lack of secondary school.,Education
Solar panels installed in Jamshedpur under a scheme are not functioning.,Energy
Solar panels installed in Gumla under a scheme are not functioning.,Energy
There is no cattle/livestock veterinary support available near the nearby colony.,Rural Livelihoods
The school in our village has no toilets for girl students.,Education
"There is no proper drainage system in our block, causing waterlogging.",Urban Development
There are no braille signages in public offices at our district.,Accessibility
Flooding occurs every monsoon in the nearby colony due to poor drainage.,Water Resources
Villagers in Ranchi have to travel far to fetch drinking water.,Water Resources
Public grievance redressal system in our village is not functioning well.,Public Administration
There is no clean drinking water supply in Dhanbad.,Water Resources
The pipeline supplying water to Giridih is leaking badly.,Water Resources
Solar panels installed in our district under a scheme are not functioning.,Energy
Dropout rate is increasing in Gumla due to lack of secondary school.,Education
MGNREGA wage payments are delayed for workers in Dhanbad.,Rural Livelihoods
No female doctor available for maternity cases in our district.,Healthcare
"Water tank at our block has not been cleaned in years, causing contamination.",Water Resources
Construction debris is left unattended on roads in Jamshedpur.,Urban Development
Land record correction requests are delayed for years in Hazaribagh.,Public Administration
Traffic congestion at Chaibasa has increased with no signal management.,Urban Development
Farmers in Chaibasa are not getting fair price for their crops.,Agriculture
Illegal dumping of waste is polluting the river near Hazaribagh.,Environment
Industrial effluents are being released untreated near Deoghar.,Environment
Trees are being cut illegally near our district without any replantation.,Environment
Public toilets in Bokaro lack disabled-friendly facilities.,Accessibility
Hospitals in our panchayat have no wheelchair facility at entrance.,Accessibility
Migrant workers from our panchayat face exploitation due to no local employment.,Rural Livelihoods
There is no market linkage for handicraft artisans in Chaibasa.,Rural Livelihoods
Self-help groups in Dhanbad lack access to microfinance support.,Rural Livelihoods
The hospital at Gumla is overcrowded with no beds available.,Healthcare
Air quality in Dhanbad has worsened due to nearby industrial units.,Environment
There is no electricity connection for the school in our village.,Energy
MGNREGA wage payments are delayed for workers in our district.,Rural Livelihoods
Farmers in Bokaro are not getting fair price for their crops.,Agriculture
There is no proper garbage collection system in Jamshedpur.,Environment
Certificate issuance (caste/income) is very slow at Gumla office.,Public Administration
There is no electricity connection for the school in Jamshedpur.,Energy
Mid-day meal quality at Hazaribagh school is very poor and irregular.,Education
There is a severe shortage of medicines at the hospital in Bokaro.,Healthcare
Flooding occurs every monsoon in Bokaro due to poor drainage.,Water Resources
The primary health centre at Ranchi has no doctor available.,Healthcare
There is a severe shortage of medicines at the hospital in our village.,Healthcare
There is no permanent teacher in the government school at our district.,Education
Women in Chaibasa lack opportunities for small-scale entrepreneurship.,Rural Livelihoods
Flooding occurs every monsoon in Giridih due to poor drainage.,Water Resources
Children in the nearby colony have to walk 5 km daily as there is no school nearby.,Education
Transformer at Dhanbad has been faulty for weeks with no repair.,Energy
The primary health centre at our block has no doctor available.,Healthcare
There is no water testing facility available near our village.,Water Resources
Air quality in our panchayat has worsened due to nearby industrial units.,Environment
Farmers in Ramgarh are not getting fair price for their crops.,Agriculture
Schools in Gumla have no special educators for children with disabilities.,Accessibility
Footpaths in our panchayat are not usable by elderly or disabled residents.,Accessibility
Streetlights are missing on the main road in our district.,Urban Development
MGNREGA wage payments are delayed for workers in Gumla.,Rural Livelihoods
Streetlights in Chaibasa have not worked for months.,Energy
"Water tank at Giridih has not been cleaned in years, causing contamination.",Water Resources
Villagers in the nearby colony have to travel far to fetch drinking water.,Water Resources
Public buses in our block are not accessible for persons with disabilities.,Accessibility
There is no market linkage for handicraft artisans in Ranchi.,Rural Livelihoods
Crop insurance claims are pending for farmers in Chaibasa.,Agriculture
Ration card applications are pending for months in the nearby colony.,Public Administration
There is no proper irrigation facility in the fields of Ramgarh.,Agriculture
There is no proper irrigation facility in the fields of Dhanbad.,Agriculture
There is a severe shortage of medicines at the hospital in Giridih.,Healthcare
Panchayat office in Deoghar is not responsive to citizen complaints.,Public Administration
The health sub-centre at our village lacks basic equipment.,Healthcare
There is no cattle/livestock veterinary support available near Ranchi.,Rural Livelihoods
Illegal dumping of waste is polluting the river near the nearby colony.,Environment
Anganwadi center at the nearby colony has been shut for months.,Education
Illegal dumping of waste is polluting the river near our village.,Environment
Many households in our district are still not connected to the electricity grid.,Energy
"There is no proper drainage system in Chaibasa, causing waterlogging.",Urban Development
Mental health support is completely absent in Hazaribagh.,Healthcare
Children in Gumla have to walk 5 km daily as there is no school nearby.,Education
Panchayat office in our village is not responsive to citizen complaints.,Public Administration
Solar panels installed in Bokaro under a scheme are not functioning.,Energy
There is no permanent teacher in the government school at Jamshedpur.,Education
Crop insurance claims are pending for farmers in Ranchi.,Agriculture
Illegal encroachment is blocking footpaths in Ranchi.,Urban Development
MGNREGA wage payments are delayed for workers in Ranchi.,Rural Livelihoods
Women in our block lack opportunities for small-scale entrepreneurship.,Rural Livelihoods
Government scheme benefits are not reaching eligible families in Chaibasa.,Public Administration
"There are frequent power cuts in our block, sometimes lasting all day.",Energy
The hospital at Ramgarh is overcrowded with no beds available.,Healthcare
Public grievance redressal system in Hazaribagh is not functioning well.,Public Administration
There is no clean drinking water supply in Deoghar.,Water Resources
Certificate issuance (caste/income) is very slow at Deoghar office.,Public Administration
There is no proper garbage collection system in our district.,Environment
There is no permanent teacher in the government school at Giridih.,Education
Schools in our district have no special educators for children with disabilities.,Accessibility
There is no cold storage facility for vegetables grown in Chaibasa.,Agriculture
Footpaths in Deoghar are not usable by elderly or disabled residents.,Accessibility
"There are frequent power cuts in Jamshedpur, sometimes lasting all day.",Energy
Rural youth in our district are migrating due to lack of local job opportunities.,Rural Livelihoods
Women in Dhanbad lack opportunities for small-scale entrepreneurship.,Rural Livelihoods
Self-help groups in our village lack access to microfinance support.,Rural Livelihoods
Mental health support is completely absent in Gumla.,Healthcare
"The school building at Chaibasa has no proper roof, students study in fear during rain.",Education
Deforestation near Hazaribagh is affecting local wildlife and rainfall.,Environment
Youth in Bokaro have no access to skill development or vocational training.,Rural Livelihoods
Hospitals in the nearby colony have no wheelchair facility at entrance.,Accessibility
Public parks in Jamshedpur are poorly maintained and unsafe at night.,Urban Development
Public parks in Chaibasa are poorly maintained and unsafe at night.,Urban Development
The primary health centre at our village has no doctor available.,Healthcare
Rural youth in Deoghar are migrating due to lack of local job opportunities.,Rural Livelihoods
There is no cold storage facility for vegetables grown in our panchayat.,Agriculture
Subsidized fertilizers are not reaching farmers in the nearby colony on time.,Agriculture
The hospital at our district is overcrowded with no beds available.,Healthcare
Dropout rate is increasing in Giridih due to lack of secondary school.,Education
No female doctor available for maternity cases in Giridih.,Healthcare
Land record correction requests are delayed for years in Deoghar.,Public Administration
Public grievance redressal system in Chaibasa is not functioning well.,Public Administration
"Storage warehouses are missing near the nearby colony, crops rot after harvest.",Agriculture
Self-help groups in Jamshedpur lack access to microfinance support.,Rural Livelihoods
"There is no proper drainage system in Giridih, causing waterlogging.",Urban Development
There is no proper parking facility in the market area of Ramgarh.,Urban Development
There are no braille signages in public offices at Ramgarh.,Accessibility
There is no proper garbage collection system in the nearby colony.,Environment
MGNREGA wage payments are delayed for workers in Chaibasa.,Rural Livelihoods
Air quality in our village has worsened due to nearby industrial units.,Environment
Rural youth in Gumla are migrating due to lack of local job opportunities.,Rural Livelihoods
Mining activity near Dhanbad is causing land degradation.,Environment
Farmers in Ramgarh lack access to soil testing facilities.,Agriculture
Railway station at Gumla lacks accessible entry points.,Accessibility
There is no proper parking facility in the market area of Ranchi.,Urban Development
Certificate issuance (caste/income) is very slow at Dhanbad office.,Public Administration
The pipeline supplying water to Ranchi is leaking badly.,Water Resources
Streetlights in our district have not worked for months.,Energy
Villagers in our panchayat have to travel far to fetch drinking water.,Water Resources
There is a severe shortage of medicines at the hospital in Ranchi.,Healthcare
Mining activity near Chaibasa is causing land degradation.,Environment
There is no proper parking facility in the market area of our block.,Urban Development
Voltage fluctuation in Jamshedpur is damaging household appliances.,Energy
Rural youth in Hazaribagh are migrating due to lack of local job opportunities.,Rural Livelihoods
Flooding occurs every monsoon in Hazaribagh due to poor drainage.,Water Resources
Anganwadi center at Gumla has been shut for months.,Education
Solar panels installed in Hazaribagh under a scheme are not functioning.,Energy
The pipeline supplying water to our district is leaking badly.,Water Resources
Mining activity near our panchayat is causing land degradation.,Environment
Illegal encroachment is blocking footpaths in our panchayat.,Urban Development
Hospitals in Jamshedpur have no wheelchair facility at entrance.,Accessibility
Crop insurance claims are pending for farmers in Hazaribagh.,Agriculture
Rural youth in our block are migrating due to lack of local job opportunities.,Rural Livelihoods
Youth in the nearby colony have no access to skill development or vocational training.,Rural Livelihoods
Farmers near Deoghar face frequent crop damage due to wild animals.,Agriculture
There is a severe shortage of medicines at the hospital in our block.,Healthcare
Mining activity near Giridih is causing land degradation.,Environment
Villagers in Gumla have to travel far to fetch drinking water.,Water Resources
Roads in Ramgarh are full of potholes and unsafe for vehicles.,Urban Development
Streetlights are missing on the main road in Chaibasa.,Urban Development
Crop insurance claims are pending for farmers in Bokaro.,Agriculture
"There is no proper drainage system in our panchayat, causing waterlogging.",Urban Development
Schools in the nearby colony have no special educators for children with disabilities.,Accessibility
Women in Jamshedpur lack opportunities for small-scale entrepreneurship.,Rural Livelihoods
There is no cattle/livestock veterinary support available near our village.,Rural Livelihoods
Vaccination camps are not being held regularly in our block.,Healthcare
Rural youth in Ranchi are migrating due to lack of local job opportunities.,Rural Livelihoods
Ambulance service is not available in the nearby colony during emergencies.,Healthcare
Industrial effluents are being released untreated near Ramgarh.,Environment
Flooding occurs every monsoon in Jamshedpur due to poor drainage.,Water Resources
Dropout rate is increasing in Bokaro due to lack of secondary school.,Education
There is a severe shortage of medicines at the hospital in Ramgarh.,Healthcare
Groundwater levels are falling rapidly near Bokaro.,Water Resources
"There is no proper drainage system in Deoghar, causing waterlogging.",Urban Development
"There are frequent power cuts in Ranchi, sometimes lasting all day.",Energy
Self-help groups in Deoghar lack access to microfinance support.,Rural Livelihoods
Ambulance service is not available in our block during emergencies.,Healthcare
Illegal encroachment is blocking footpaths in our village.,Urban Development
There is no proper irrigation facility in the fields of Ranchi.,Agriculture
MGNREGA wage payments are delayed for workers in Bokaro.,Rural Livelihoods
Railway station at our village lacks accessible entry points.,Accessibility
There are no science labs or computers in the school at the nearby colony.,Education
Mining activity near Jamshedpur is causing land degradation.,Environment
Transformer at our district has been faulty for weeks with no repair.,Energy
"There is no proper drainage system in Ranchi, causing waterlogging.",Urban Development
Vaccination camps are not being held regularly in Bokaro.,Healthcare
Illegal encroachment is blocking footpaths in the nearby colony.,Urban Development
No female doctor available for maternity cases in Gumla.,Healthcare
Rural youth in Chaibasa are migrating due to lack of local job opportunities.,Rural Livelihoods
There is no electricity connection for the school in our district.,Energy
The pipeline supplying water to Deoghar is leaking badly.,Water Resources
There is no cold storage facility for vegetables grown in Bokaro.,Agriculture
Women in Giridih lack opportunities for small-scale entrepreneurship.,Rural Livelihoods
Transformer at Giridih has been faulty for weeks with no repair.,Energy
Public buses in our village are not accessible for persons with disabilities.,Accessibility
There is no cold storage facility for vegetables grown in our block.,Agriculture
There is no permanent teacher in the government school at the nearby colony.,Education
Plastic waste is accumulating in open areas of our district.,Environment
Schools in Hazaribagh have no special educators for children with disabilities.,Accessibility
There is no water testing facility available near Jamshedpur.,Water Resources
Public buses in Hazaribagh are not accessible for persons with disabilities.,Accessibility
Rural youth in Ramgarh are migrating due to lack of local job opportunities.,Rural Livelihoods
"Water tank at Dhanbad has not been cleaned in years, causing contamination.",Water Resources
Migrant workers from Gumla face exploitation due to no local employment.,Rural Livelihoods
The school in Gumla has no toilets for girl students.,Education
Certificate issuance (caste/income) is very slow at our district office.,Public Administration
Flooding occurs every monsoon in our block due to poor drainage.,Water Resources
The pipeline supplying water to our panchayat is leaking badly.,Water Resources
No female doctor available for maternity cases in our block.,Healthcare
Mid-day meal quality at Jamshedpur school is very poor and irregular.,Education
Mid-day meal quality at Deoghar school is very poor and irregular.,Education
Public buses in Gumla are not accessible for persons with disabilities.,Accessibility
The health sub-centre at the nearby colony lacks basic equipment.,Healthcare
There is no market linkage for handicraft artisans in Giridih.,Rural Livelihoods
Vaccination camps are not being held regularly in our district.,Healthcare
Farmers in Ranchi lack access to soil testing facilities.,Agriculture
There is no water testing facility available near Ramgarh.,Water Resources
Air quality in Giridih has worsened due to nearby industrial units.,Environment
Plastic waste is accumulating in open areas of Chaibasa.,Environment
The school in Giridih has no toilets for girl students.,Education
Mental health support is completely absent in Bokaro.,Healthcare
